obs0,obs1,obs2,obs3,obs4,obs5,obs6,obs7,action,reward,do_bool
-6.146240048110485077e-03,1.412673234939575195e+00,-3.108504712581634521e-01,2.611085586249828339e-02,7.051654625684022903e-03,6.968881189823150635e-02,0.000000000000000000e+00,0.000000000000000000e+00,0.000000000000000000e+00,-4.767030573108854696e-02,1.000000000000000000e+00
-9.145736694335937500e-03,1.412651300430297852e+00,-3.015989959239959717e-01,-9.917801944538950920e-04,8.677438832819461823e-03,3.251873701810836792e-02,0.000000000000000000e+00,0.000000000000000000e+00,3.000000000000000000e+00,8.424559376945535139e-01,0.000000000000000000e+00
-1.223020534962415695e-02,1.412036299705505371e+00,-3.122383654117584229e-01,-2.735947817564010620e-02,1.243550330400466919e-02,7.516805827617645264e-02,0.000000000000000000e+00,0.000000000000000000e+00,1.000000000000000000e+00,-1.530055080040596094e+00,0.000000000000000000e+00
-1.521844882518053055e-02,1.410833120346069336e+00,-3.001754879951477051e-01,-5.348549038171768188e-02,1.376804057508707047e-02,2.665304765105247498e-02,0.000000000000000000e+00,0.000000000000000000e+00,3.000000000000000000e+00,8.073003470779565038e-01,0.000000000000000000e+00
-1.812143251299858093e-02,1.409037351608276367e+00,-2.894706726074218750e-01,-7.980648428201675415e-02,1.295327208936214447e-02,-1.629676669836044312e-02,0.000000000000000000e+00,0.000000000000000000e+00,3.000000000000000000e+00,6.908875034714594410e-01,0.000000000000000000e+00
-2.094259299337863922e-02,1.406637668609619141e+00,-2.792127132415771484e-01,-1.066276580095291138e-01,1.008384302258491516e-02,-5.739403888583183289e-02,0.000000000000000000e+00,0.000000000000000000e+00,3.000000000000000000e+00,6.320295341458586069e-01,0.000000000000000000e+00
-2.368497848510742188e-02,1.403633594512939453e+00,-2.693342864513397217e-01,-1.334907859563827515e-01,5.237470846623182297e-03,-9.693616628646850586e-02,0.000000000000000000e+00,0.000000000000000000e+00,3.000000000000000000e+00,5.785774512681893800e-01,0.000000000000000000e+00
-2.634448930621147156e-02,1.400042176246643066e+00,-2.589530944824218750e-01,-1.596141457557678223e-01,-1.687059528194367886e-03,-1.385030001401901245e-01,0.000000000000000000e+00,0.000000000000000000e+00,3.000000000000000000e+00,3.201479492321663844e-01,0.000000000000000000e+00
-2.909164503216743469e-02,1.395857214927673340e+00,-2.699488699436187744e-01,-1.860092580318450928e-01,-6.401404738426208496e-03,-9.429559856653213501e-02,0.000000000000000000e+00,0.000000000000000000e+00,1.000000000000000000e+00,-2.452063906787940173e+00,0.000000000000000000e+00
-3.177309036254882812e-02,1.392272353172302246e+00,-2.636699080467224121e-01,-1.593498438596725464e-01,-1.083015371114015579e-02,-8.858312666416168213e-02,0.000000000000000000e+00,0.000000000000000000e+00,2.000000000000000000e+00,1.584422892358429591e+00,0.000000000000000000e+00
-3.437318652868270874e-02,1.388086915016174316e+00,-2.534592151641845703e-01,-1.860825866460800171e-01,-1.730211451649665833e-02,-1.294509768486022949e-01,0.000000000000000000e+00,0.000000000000000000e+00,3.000000000000000000e+00,-9.001420868366938333e-01,0.000000000000000000e+00
-3.697299957275390625e-02,1.383301973342895508e+00,-2.534395158290863037e-01,-2.127493917942047119e-01,-2.377210557460784912e-02,-1.294116228818893433e-01,0.000000000000000000e+00,0.000000000000000000e+00,0.000000000000000000e+00,-1.821887706848002608e+00,0.000000000000000000e+00
-3.966159746050834656e-02,1.379332542419433594e+00,-2.617841660976409912e-01,-1.765490919351577759e-01,-3.076728060841560364e-02,-1.399162411689758301e-01,0.000000000000000000e+00,0.000000000000000000e+00,2.000000000000000000e+00,9.042973401653966459e-01,0.000000000000000000e+00
-4.227409511804580688e-02,1.374751687049865723e+00,-2.522414922714233398e-01,-2.037960141897201538e-01,-3.967501595616340637e-02,-1.781708896160125732e-01,0.000000000000000000e+00,0.000000000000000000e+00,3.000000000000000000e+00,-1.323440804590801489e+00,0.000000000000000000e+00
-4.496803134679794312e-02,1.369579792022705078e+00,-2.624787390232086182e-01,-2.300654500722885132e-01,-4.651962593197822571e-02,-1.369050145149230957e-01,0.000000000000000000e+00,0.000000000000000000e+00,1.000000000000000000e+00,-2.681396814112388061e+00,0.000000000000000000e+00
-4.754581302404403687e-02,1.365096330642700195e+00,-2.512283027172088623e-01,-1.994864046573638916e-01,-5.300864204764366150e-02,-1.297919899225234985e-01,0.000000000000000000e+00,0.000000000000000000e+00,2.000000000000000000e+00,2.314279632628012173e+00,0.000000000000000000e+00
-5.021982267498970032e-02,1.361500144004821777e+00,-2.601456344127655029e-01,-1.601031124591827393e-01,-6.019444018602371216e-02,-1.437290608882904053e-01,0.000000000000000000e+00,0.000000000000000000e+00,2.000000000000000000e+00,8.644049658153789562e-01,0.000000000000000000e+00
-5.297899246215820312e-02,1.357322692871093750e+00,-2.708421647548675537e-01,-1.858823597431182861e-01,-6.521441787481307983e-02,-1.004090085625648499e-01,0.000000000000000000e+00,0.000000000000000000e+00,1.000000000000000000e+00,-2.427841592968290829e+00,0.000000000000000000e+00
-5.580634996294975281e-02,1.352553486824035645e+00,-2.794207930564880371e-01,-2.121119350194931030e-01,-6.850631535053253174e-02,-6.584367901086807251e-02,0.000000000000000000e+00,0.000000000000000000e+00,1.000000000000000000e+00,-2.125655937508666771e+00,1.000000000000000000e+00
-5.873994901776313782e-02,1.348656177520751953e+00,-2.892259359359741211e-01,-1.734123826026916504e-01,-7.260655611753463745e-02,-8.201245218515396118e-02,0.000000000000000000e+00,0.000000000000000000e+00,2.000000000000000000e+00,1.024982513226160519e+00,0.000000000000000000e+00
-6.175269931554794312e-02,1.344803094863891602e+00,-2.966224849224090576e-01,-1.714800149202346802e-01,-7.721860706806182861e-02,-9.224929660558700562e-02,0.000000000000000000e+00,0.000000000000000000e+00,2.000000000000000000e+00,-9.290992640939805813e-01,0.000000000000000000e+00
-6.467838585376739502e-02,1.340344309806823730e+00,-2.857170701026916504e-01,-1.985344290733337402e-01,-8.401656895875930786e-02,-1.359712928533554077e-01,0.000000000000000000e+00,0.000000000000000000e+00,3.000000000000000000e+00,-8.081692830585029963e-01,1.000000000000000000e+00
-6.769361346960067749e-02,1.335897445678710938e+00,-2.940913736820220947e-01,-1.980727761983871460e-01,-9.138690680265426636e-02,-1.474199295043945312e-01,0.000000000000000000e+00,0.000000000000000000e+00,2.000000000000000000e+00,-1.272898362968550190e+00,0.000000000000000000e+00
-7.065286487340927124e-02,1.332232236862182617e+00,-2.883661091327667236e-01,-1.633788049221038818e-01,-9.888873994350433350e-02,-1.500500142574310303e-01,0.000000000000000000e+00,0.000000000000000000e+00,2.000000000000000000e+00,1.614632414330611665e+00,0.000000000000000000e+00
-7.348070293664932251e-02,1.329248309135437012e+00,-2.754411101341247559e-01,-1.331224739551544189e-01,-1.061767041683197021e-01,-1.457590013742446899e-01,0.000000000000000000e+00,0.000000000000000000e+00,2.000000000000000000e+00,1.804751752113884278e+00,0.000000000000000000e+00
-7.630844414234161377e-02,1.325665116310119629e+00,-2.754417955875396729e-01,-1.597935706377029419e-01,-1.134646311402320862e-01,-1.457585543394088745e-01,0.000000000000000000e+00,0.000000000000000000e+00,0.000000000000000000e+00,-1.638297200282892163e+00,0.000000000000000000e+00
-7.919864356517791748e-02,1.321499586105346680e+00,-2.832871079444885254e-01,-1.855771690607070923e-01,-1.191536039113998413e-01,-1.137794032692909241e-01,0.000000000000000000e+00,0.000000000000000000e+00,1.000000000000000000e+00,-2.222289320201382257e+00,1.000000000000000000e+00
-8.199767768383026123e-02,1.316724181175231934e+00,-2.718843221664428711e-01,-2.129043638706207275e-01,-1.271395534276962280e-01,-1.597189158201217651e-01,0.000000000000000000e+00,0.000000000000000000e+00,3.000000000000000000e+00,-1.035523424927218938e+00,0.000000000000000000e+00
-8.489618450403213501e-02,1.312135100364685059e+00,-2.810431122779846191e-01,-2.047354727983474731e-01,-1.358881890773773193e-01,-1.749730557203292847e-01,0.000000000000000000e+00,0.000000000000000000e+00,2.000000000000000000e+00,-9.736842757355816946e-01,0.000000000000000000e+00
-8.779440075159072876e-02,1.306946992874145508e+00,-2.810443341732025146e-01,-2.314085066318511963e-01,-1.446367651224136353e-01,-1.749722212553024292e-01,0.000000000000000000e+00,0.000000000000000000e+00,0.000000000000000000e+00,-2.010773894676447071e+00,1.000000000000000000e+00
-9.039392322301864624e-02,1.302598118782043457e+00,-2.519085705280303955e-01,-1.940862536430358887e-01,-1.526579409837722778e-01,-1.604235470294952393e-01,0.000000000000000000e+00,0.000000000000000000e+00,2.000000000000000000e+00,3.918987023865082797e+00,0.000000000000000000e+00
-9.293822944164276123e-02,1.298482894897460938e+00,-2.462670803070068359e-01,-1.837583631277084351e-01,-1.608182638883590698e-01,-1.632069051265716553e-01,0.000000000000000000e+00,0.000000000000000000e+00,2.000000000000000000e+00,3.501630386535453110e-01,0.000000000000000000e+00
-9.555206447839736938e-02,1.293781518936157227e+00,-2.550006806850433350e-01,-2.096589058637619019e-01,-1.672057211399078369e-01,-1.277492195367813110e-01,0.000000000000000000e+00,0.000000000000000000e+00,1.000000000000000000e+00,-2.504294562450552153e+00,0.000000000000000000e+00
-9.801530838012695312e-02,1.289484262466430664e+00,-2.401180714368820190e-01,-1.916986554861068726e-01,-1.734219491481781006e-01,-1.243243589997291565e-01,0.000000000000000000e+00,0.000000000000000000e+00,2.000000000000000000e+00,1.775541373528636724e+00,0.000000000000000000e+00
-1.001836806535720825e-01,1.286100745201110840e+00,-2.111692130565643311e-01,-1.510487049818038940e-01,-1.791003346443176270e-01,-1.135680526494979858e-01,0.000000000000000000e+00,0.000000000000000000e+00,2.000000000000000000e+00,4.215199193805813316e+00,0.000000000000000000e+00
-1.023519486188888550e-01,1.282117605209350586e+00,-2.111699134111404419e-01,-1.777179986238479614e-01,-1.847787350416183472e-01,-1.135677918791770935e-01,0.000000000000000000e+00,0.000000000000000000e+00,0.000000000000000000e+00,-1.824804306636394813e+00,0.000000000000000000e+00
-1.046033874154090881e-01,1.277560949325561523e+00,-2.216456681489944458e-01,-2.029638439416885376e-01,-1.882961690425872803e-01,-7.034879922866821289e-02,0.000000000000000000e+00,0.000000000000000000e+00,1.000000000000000000e+00,-2.399091552700808538e+00,0.000000000000000000e+00
-1.068548187613487244e-01,1.272404313087463379e+00,-2.216459512710571289e-01,-2.296315133571624756e-01,-1.918136030435562134e-01,-7.034875452518463135e-02,0.000000000000000000e+00,0.000000000000000000e+00,0.000000000000000000e+00,-1.718116171803188763e+00,1.000000000000000000e+00
-1.091723442077636719e-01,1.266669392585754395e+00,-2.299611121416091919e-01,-2.551133334636688232e-01,-1.936109513044357300e-01,-3.594661131501197815e-02,0.000000000000000000e+00,0.000000000000000000e+00,1.000000000000000000e+00,-2.088844917290201497e+00,1.000000000000000000e+00
-1.114721298217773438e-01,1.261187553405761719e+00,-2.277708947658538818e-01,-2.439319938421249390e-01,-1.958343684673309326e-01,-4.446854814887046814e-02,0.000000000000000000e+00,0.000000000000000000e+00,2.000000000000000000e+00,9.757904275054556376e-01,0.000000000000000000e+00
-1.135617271065711975e-01,1.256474256515502930e+00,-2.068836987018585205e-01,-2.097587734460830688e-01,-1.979257017374038696e-01,-4.182658344507217407e-02,0.000000000000000000e+00,0.000000000000000000e+00,2.000000000000000000e+00,3.853945846498374017e+00,0.000000000000000000e+00
-1.157382950186729431e-01,1.251191973686218262e+00,-2.178345620632171631e-01,-2.347460091114044189e-01,-1.977418810129165649e-01,3.676255000755190849e-03,0.000000000000000000e+00,0.000000000000000000e+00,1.000000000000000000e+00,-2.068242857301525905e+00,0.000000000000000000e+00
-1.180054694414138794e-01,1.245979070663452148e+00,-2.260850369930267334e-01,-2.317686676979064941e-01,-1.983748823404312134e-01,-1.265997160226106644e-02,0.000000000000000000e+00,0.000000000000000000e+00,2.000000000000000000e+00,-2.184328975882749435e-01,0.000000000000000000e+00
-1.203191727399826050e-01,1.240945816040039062e+00,-2.300689667463302612e-01,-2.238784134387969971e-01,-1.996935158967971802e-01,-2.637234702706336975e-02,0.000000000000000000e+00,0.000000000000000000e+00,2.000000000000000000e+00,3.228240073503741425e-01,0.000000000000000000e+00
-1.225696578621864319e-01,1.236270070075988770e+00,-2.234382331371307373e-01,-2.080256938934326172e-01,-2.013110518455505371e-01,-3.235038742423057556e-02,0.000000000000000000e+00,0.000000000000000000e+00,2.000000000000000000e+00,1.554976942765119885e+00,0.000000000000000000e+00
-1.248779296875000000e-01,1.231015205383300781e+00,-2.307354509830474854e-01,-2.335628867149353027e-01,-2.014113068580627441e-01,-2.005139831453561783e-03,0.000000000000000000e+00,0.000000000000000000e+00,1.000000000000000000e+00,-1.843091236987702386e+00,1.000000000000000000e+00
-1.269286125898361206e-01,1.226391553878784180e+00,-2.053741514682769775e-01,-2.054590731859207153e-01,-2.011036425828933716e-01,6.153400987386703491e-03,0.000000000000000000e+00,0.000000000000000000e+00,2.000000000000000000e+00,3.950986542746943719e+00,0.000000000000000000e+00
-1.290436685085296631e-01,1.221178293228149414e+00,-2.134310454130172729e-01,-2.314368039369583130e-01,-1.991631239652633667e-01,3.881061449646949768e-02,0.000000000000000000e+00,0.000000000000000000e+00,1.000000000000000000e+00,-1.771822102493671336e+00,1.000000000000000000e+00
-1.310783326625823975e-01,1.215952038764953613e+00,-2.054011523723602295e-01,-2.320154607295989990e-01,-1.972165256738662720e-01,3.893183171749114990e-02,0.000000000000000000e+00,0.000000000000000000e+00,2.000000000000000000e+00,8.881751625317917398e-01,0.000000000000000000e+00
-1.331901550292968750e-01,1.210149526596069336e+00,-2.151020318269729614e-01,-2.573702037334442139e-01,-1.932677030563354492e-01,7.897655665874481201e-02,0.000000000000000000e+00,0.000000000000000000e+00,1.000000000000000000e+00,-1.636172216207568253e+00,0.000000000000000000e+00
-1.352940499782562256e-01,1.204629540443420410e+00,-2.138331830501556396e-01,-2.448841482400894165e-01,-1.898061782121658325e-01,6.923045217990875244e-02,0.000000000000000000e+00,0.000000000000000000e+00,2.000000000000000000e+00,1.603331189407310786e+00,0.000000000000000000e+00
-1.373483687639236450e-01,1.199418783187866211e+00,-2.085827589035034180e-01,-2.311951220035552979e-01,-1.866490095853805542e-01,6.314343959093093872e-02,0.000000000000000000e+00,0.000000000000000000e+00,2.000000000000000000e+00,1.882695497134034168e+00,0.000000000000000000e+00
-1.394917517900466919e-01,1.193628191947937012e+00,-2.197441607713699341e-01,-2.566874027252197266e-01,-1.812131255865097046e-01,1.087172999978065491e-01,0.000000000000000000e+00,0.000000000000000000e+00,1.000000000000000000e+00,-1.587678785634834666e+00,1.000000000000000000e+00
-1.415543556213378906e-01,1.187209248542785645e+00,-2.095795869827270508e-01,-2.848872244358062744e-01,-1.778840273618698120e-01,6.658186018466949463e-02,0.000000000000000000e+00,0.000000000000000000e+00,3.000000000000000000e+00,-6.611338137057873876e-01,0.000000000000000000e+00
-1.433575600385665894e-01,1.180925250053405762e+00,-1.844232082366943359e-01,-2.788006365299224854e-01,-1.737754195928573608e-01,8.217176795005798340e-02,0.000000000000000000e+00,0.000000000000000000e+00,2.000000000000000000e+00,2.652689530197062773e+00,1.000000000000000000e+00
-1.449027955532073975e-01,1.174912214279174805e+00,-1.593338847160339355e-01,-2.666858136653900146e-01,-1.689559370279312134e-01,9.638975560665130615e-02,0.000000000000000000e+00,0.000000000000000000e+00,2.000000000000000000e+00,3.121986984325428871e+00,0.000000000000000000e+00
-1.462287008762359619e-01,1.169418334960937500e+00,-1.378274261951446533e-01,-2.435845732688903809e-01,-1.637171506881713867e-01,1.047756522893905640e-01,0.000000000000000000e+00,0.000000000000000000e+00,2.000000000000000000e+00,3.831103132758824081e+00,0.000000000000000000e+00
-1.474453955888748169e-01,1.164721846580505371e+00,-1.267066746950149536e-01,-2.081889212131500244e-01,-1.586827337741851807e-01,1.006886214017868042e-01,0.000000000000000000e+00,0.000000000000000000e+00,2.000000000000000000e+00,4.270158139307580036e+00,0.000000000000000000e+00
-1.485442221164703369e-01,1.160784006118774414e+00,-1.147937774658203125e-01,-1.745008826255798340e-01,-1.537721455097198486e-01,9.821189194917678833e-02,0.000000000000000000e+00,0.000000000000000000e+00,2.000000000000000000e+00,4.052009469842784206e+00,0.000000000000000000e+00
-1.495741903781890869e-01,1.156236052513122559e+00,-1.061698570847511292e-01,-2.018023133277893066e-01,-1.506049036979675293e-01,6.334514915943145752e-02,0.000000000000000000e+00,0.000000000000000000e+00,3.000000000000000000e+00,-1.190671020909944700e+00,0.000000000000000000e+00
-1.504117995500564575e-01,1.151599884033203125e+00,-8.757900446653366089e-02,-2.056722939014434814e-01,-1.467947363853454590e-01,7.620320469141006470e-02,0.000000000000000000e+00,0.000000000000000000e+00,2.000000000000000000e+00,9.784111612687069748e-01,0.000000000000000000e+00
-1.512493193149566650e-01,1.146363973617553711e+00,-8.757927268743515015e-02,-2.323401719331741333e-01,-1.429845839738845825e-01,7.620310038328170776e-02,0.000000000000000000e+00,0.000000000000000000e+00,0.000000000000000000e+00,-1.586348678847372184e+00,0.000000000000000000e+00
-1.518076956272125244e-01,1.141602635383605957e+00,-6.046348810195922852e-02,-2.111764848232269287e-01,-1.383683383464813232e-01,9.232477098703384399e-02,0.000000000000000000e+00,0.000000000000000000e+00,2.000000000000000000e+00,3.489951076422198817e+00,0.000000000000000000e+00
-1.521474868059158325e-01,1.137629270553588867e+00,-3.902806341648101807e-02,-1.761376112699508667e-01,-1.333417594432830811e-01,1.005314588546752930e-01,0.000000000000000000e+00,0.000000000000000000e+00,2.000000000000000000e+00,4.517240548077279705e+00,0.000000000000000000e+00
-1.523989737033843994e-01,1.133047938346862793e+00,-2.797025069594383240e-02,-2.033623307943344116e-01,-1.305379420518875122e-01,5.607637017965316772e-02,0.000000000000000000e+00,0.000000000000000000e+00,3.000000000000000000e+00,-1.785607954828462907e+00,0.000000000000000000e+00
-1.525783538818359375e-01,1.128616213798522949e+00,-2.077763341367244720e-02,-1.967248469591140747e-01,-1.277038305997848511e-01,5.668237060308456421e-02,0.000000000000000000e+00,0.000000000000000000e+00,2.000000000000000000e+00,1.165989405082979102e+00,0.000000000000000000e+00
-1.524916589260101318e-01,1.124936103820800781e+00,5.132369231432676315e-03,-1.632602959871292114e-01,-1.241803988814353943e-01,7.046844065189361572e-02,0.000000000000000000e+00,0.000000000000000000e+00,2.000000000000000000e+00,3.866002135615599578e+00,0.000000000000000000e+00
-1.523072272539138794e-01,1.120649576187133789e+00,1.736568100750446320e-02,-1.904261559247970581e-01,-1.231112629175186157e-01,2.138280868530273438e-02,0.000000000000000000e+00,0.000000000000000000e+00,3.000000000000000000e+00,-2.283386499082637133e+00,0.000000000000000000e+00
-1.521658003330230713e-01,1.117229461669921875e+00,1.382956374436616898e-02,-1.519806981086730957e-01,-1.227949932217597961e-01,6.325365044176578522e-03,0.000000000000000000e+00,0.000000000000000000e+00,2.000000000000000000e+00,3.933190306163152350e+00,0.000000000000000000e+00
-1.519378721714019775e-01,1.113181233406066895e+00,2.471248432993888855e-02,-1.800778657197952271e-01,-1.247081160545349121e-01,-3.826256841421127319e-02,0.000000000000000000e+00,0.000000000000000000e+00,3.000000000000000000e+00,-2.732825425037587852e+00,0.000000000000000000e+00
-1.517100334167480469e-01,1.108533143997192383e+00,2.471242845058441162e-02,-2.067448645830154419e-01,-1.266212463378906250e-01,-3.826253116130828857e-02,0.000000000000000000e+00,0.000000000000000000e+00,0.000000000000000000e+00,-2.372787012402511664e+00,1.000000000000000000e+00
-1.515583097934722900e-01,1.103298544883728027e+00,1.514715421944856644e-02,-2.326427847146987915e-01,-1.265974342823028564e-01,4.761790332850068808e-04,0.000000000000000000e+00,0.000000000000000000e+00,1.000000000000000000e+00,-1.998836028183289981e+00,0.000000000000000000e+00
-1.513534486293792725e-01,1.098768591880798340e+00,2.072880044579505920e-02,-2.013547867536544800e-01,-1.268380135297775269e-01,-4.811401478946208954e-03,0.000000000000000000e+00,0.000000000000000000e+00,2.000000000000000000e+00,3.199148400131019976e+00,0.000000000000000000e+00
-1.512190848588943481e-01,1.093660116195678711e+00,1.184612419456243515e-02,-2.269105613231658936e-01,-1.252607852220535278e-01,3.154443204402923584e-02,0.000000000000000000e+00,0.000000000000000000e+00,1.000000000000000000e+00,-1.844447775802904088e+00,0.000000000000000000e+00
-1.511674821376800537e-01,1.087972044944763184e+00,1.448895782232284546e-03,-2.524932622909545898e-01,-1.215664446353912354e-01,7.388684153556823730e-02,0.000000000000000000e+00,0.000000000000000000e+00,1.000000000000000000e+00,-1.624228156127940137e+00,1.000000000000000000e+00
-1.510371267795562744e-01,1.081676959991455078e+00,1.132022961974143982e-02,-2.796449065208435059e-01,-1.198565438389778137e-01,3.419798612594604492e-02,0.000000000000000000e+00,0.000000000000000000e+00,3.000000000000000000e+00,-1.971371991449301531e+00,0.000000000000000000e+00
-1.510231047868728638e-01,1.075575113296508789e+00,5.132410442456603050e-04,-2.711204886436462402e-01,-1.189740002155303955e-01,1.765121892094612122e-02,0.000000000000000000e+00,0.000000000000000000e+00,2.000000000000000000e+00,1.268034727472422629e+00,0.000000000000000000e+00
-1.509981155395507812e-01,1.070274949073791504e+00,2.073348732665181160e-03,-2.355239689350128174e-01,-1.185547485947608948e-01,8.384812623262405396e-03,0.000000000000000000e+00,0.000000000000000000e+00,2.000000000000000000e+00,3.825906549575489812e+00,0.000000000000000000e+00
-1.510542929172515869e-01,1.064398765563964844e+00,-8.134446106851100922e-03,-2.609630525112152100e-01,-1.160506308078765869e-01,5.008239671587944031e-02,0.000000000000000000e+00,0.000000000000000000e+00,1.000000000000000000e+00,-1.754230644182767973e+00,0.000000000000000000e+00
-1.510155647993087769e-01,1.058740735054016113e+00,1.215718337334692478e-03,-2.512668371200561523e-01,-1.134025454521179199e-01,5.296150967478752136e-02,0.000000000000000000e+00,0.000000000000000000e+00,2.000000000000000000e+00,1.507525016080631941e+00,0.000000000000000000e+00
-1.508421003818511963e-01,1.053643941879272461e+00,1.446883846074342728e-02,-2.263056188821792603e-01,-1.105410903692245483e-01,5.722907185554504395e-02,0.000000000000000000e+00,0.000000000000000000e+00,2.000000000000000000e+00,2.943362307746764550e+00,0.000000000000000000e+00
-1.504758894443511963e-01,1.048695921897888184e+00,3.310664743185043335e-02,-2.196543216705322266e-01,-1.070484295487403870e-01,6.985327601432800293e-02,0.000000000000000000e+00,0.000000000000000000e+00,2.000000000000000000e+00,1.007498047018242415e+00,0.000000000000000000e+00
-1.500275582075119019e-01,1.043125152587890625e+00,4.343356937170028687e-02,-2.474927008152008057e-01,-1.056594327092170715e-01,2.777975425124168396e-02,0.000000000000000000e+00,0.000000000000000000e+00,3.000000000000000000e+00,-2.247273361092509081e+00,0.000000000000000000e+00
-1.496859490871429443e-01,1.037700176239013672e+00,3.349873423576354980e-02,-2.410617619752883911e-01,-1.050042882561683655e-01,1.310302130877971649e-02,0.000000000000000000e+00,0.000000000000000000e+00,2.000000000000000000e+00,1.097014309359462869e+00,0.000000000000000000e+00
-1.491977721452713013e-01,1.032466888427734375e+00,4.773638024926185608e-02,-2.325136810541152954e-01,-1.039309129118919373e-01,2.146770618855953217e-02,0.000000000000000000e+00,0.000000000000000000e+00,2.000000000000000000e+00,9.337474731029657971e-01,0.000000000000000000e+00
-1.486118286848068237e-01,1.026615142822265625e+00,6.001947075128555298e-02,-2.601827979087829590e-01,-1.053434535861015320e-01,-2.825089916586875916e-02,0.000000000000000000e+00,0.000000000000000000e+00,3.000000000000000000e+00,-2.548954431751524030e+00,1.000000000000000000e+00
-1.478246748447418213e-01,1.020771741867065430e+00,7.940459251403808594e-02,-2.597478032112121582e-01,-1.060280427336692810e-01,-1.369166094809770584e-02,0.000000000000000000e+00,0.000000000000000000e+00,2.000000000000000000e+00,-2.386658604509250270e-01,0.000000000000000000e+00
-1.471120864152908325e-01,1.014334917068481445e+00,7.005505263805389404e-02,-2.860003113746643066e-01,-1.048342436552047729e-01,2.387606911361217499e-02,0.000000000000000000e+00,0.000000000000000000e+00,1.000000000000000000e+00,-1.547521621381973800e+00,1.000000000000000000e+00
-1.462589204311370850e-01,1.008487224578857422e+00,8.384348452091217041e-02,-2.597953975200653076e-01,-1.033780500292778015e-01,2.912365272641181946e-02,0.000000000000000000e+00,0.000000000000000000e+00,2.000000000000000000e+00,2.583127387619964743e+00,0.000000000000000000e+00
-1.452421247959136963e-01,1.003116250038146973e+00,9.980265796184539795e-02,-2.385827004909515381e-01,-1.015115007758140564e-01,3.733106330037117004e-02,0.000000000000000000e+00,0.000000000000000000e+00,2.000000000000000000e+00,1.870148485016881024e+00,0.000000000000000000e+00
-1.441540718078613281e-01,9.985466599464416504e-01,1.070268154144287109e-01,-2.029750496149063110e-01,-9.975601732730865479e-02,3.510972857475280762e-02,0.000000000000000000e+00,0.000000000000000000e+00,2.000000000000000000e+00,3.258611152571700309e+00,0.000000000000000000e+00
-1.431291550397872925e-01,9.943725466728210449e-01,1.013316735625267029e-01,-1.854376792907714844e-01,-9.859634935855865479e-02,2.319340035319328308e-02,0.000000000000000000e+00,0.000000000000000000e+00,2.000000000000000000e+00,2.058316258319092817e+00,0.000000000000000000e+00
-1.419158875942230225e-01,9.908964037895202637e-01,1.196775808930397034e-01,-1.543898284435272217e-01,-9.696460515260696411e-02,3.263470157980918884e-02,0.000000000000000000e+00,0.000000000000000000e+00,2.000000000000000000e+00,1.821976299296221624e+00,0.000000000000000000e+00
-1.406209915876388550e-01,9.868158698081970215e-01,1.299184113740921021e-01,-1.813849359750747681e-01,-9.738606959581375122e-02,-8.429412730038166046e-03,0.000000000000000000e+00,0.000000000000000000e+00,3.000000000000000000e+00,-2.426839445183985422e+00,0.000000000000000000e+00
-1.392786055803298950e-01,9.835533499717712402e-01,1.348669528961181641e-01,-1.450453400611877441e-01,-9.801498800516128540e-02,-1.257799752056598663e-02,0.000000000000000000e+00,0.000000000000000000e+00,2.000000000000000000e+00,2.484404111490658984e+00,0.000000000000000000e+00
-1.379363089799880981e-01,9.796906709671020508e-01,1.348669230937957764e-01,-1.717120558023452759e-01,-9.864388406276702881e-02,-1.257796771824359894e-02,0.000000000000000000e+00,0.000000000000000000e+00,0.000000000000000000e+00,-1.690183271699083889e+00,0.000000000000000000e+00
-1.366720199584960938e-01,9.752508997917175293e-01,1.250410974025726318e-01,-1.972332149744033813e-01,-9.727185964584350586e-02,2.744065783917903900e-02,0.000000000000000000e+00,0.000000000000000000e+00,1.000000000000000000e+00,-9.541416192583358491e-01,0.000000000000000000e+00
-1.353183686733245850e-01,9.702019095420837402e-01,1.362466961145401001e-01,-2.244573980569839478e-01,-9.815374016761779785e-02,-1.763745956122875214e-02,0.000000000000000000e+00,0.000000000000000000e+00,3.000000000000000000e+00,-2.503661675238332496e+00,0.000000000000000000e+00
-1.338459998369216919e-01,9.659506082534790039e-01,1.479995697736740112e-01,-1.889990717172622681e-01,-9.891161322593688965e-02,-1.515748910605907440e-02,0.000000000000000000e+00,0.000000000000000000e+00,2.000000000000000000e+00,2.317706175418618564e+00,0.000000000000000000e+00
-1.323736160993576050e-01,9.610993266105651855e-01,1.479995697736740112e-01,-2.156657874584197998e-01,-9.966947883367538452e-02,-1.515752077102661133e-02,0.000000000000000000e+00,0.000000000000000000e+00,0.000000000000000000e+00,-1.726341007239341252e+00,0.000000000000000000e+00
-1.309012472629547119e-01,9.556478857994079590e-01,1.479995697736740112e-01,-2.423325031995773315e-01,-1.004273667931556702e-01,-1.515749655663967133e-02,0.000000000000000000e+00,0.000000000000000000e+00,0.000000000000000000e+00,-1.754539275288721001e+00,0.000000000000000000e+00
-1.294288635253906250e-01,9.495965838432312012e-01,1.479995548725128174e-01,-2.689992189407348633e-01,-1.011852622032165527e-01,-1.515794266015291214e-02,0.000000000000000000e+00,0.000000000000000000e+00,0.000000000000000000e+00,-1.763577902173267375e+00,1.000000000000000000e+00
-1.278989762067794800e-01,9.437351822853088379e-01,1.537432968616485596e-01,-2.605544328689575195e-01,-1.019242778420448303e-01,-1.478019542992115021e-02,0.000000000000000000e+00,0.000000000000000000e+00,2.000000000000000000e+00,6.768174015067642824e-01,0.000000000000000000e+00
-1.262639015913009644e-01,9.384813308715820312e-01,1.641432344913482666e-01,-2.335478812456130981e-01,-1.025591269135475159e-01,-1.269718725234270096e-02,0.000000000000000000e+00,0.000000000000000000e+00,2.000000000000000000e+00,1.886218560213546835e+00,0.000000000000000000e+00
-1.245886832475662231e-01,9.334184527397155762e-01,1.682301461696624756e-01,-2.250689417123794556e-01,-1.032588705420494080e-01,-1.399508584290742874e-02,0.000000000000000000e+00,0.000000000000000000e+00,2.000000000000000000e+00,6.007516471159817240e-01,0.000000000000000000e+00
-1.229133605957031250e-01,9.277553558349609375e-01,1.682301312685012817e-01,-2.517356574535369873e-01,-1.039586365222930908e-01,-1.399506628513336182e-02,0.000000000000000000e+00,0.000000000000000000e+00,0.000000000000000000e+00,-1.664583045817465745e+00,0.000000000000000000e+00
-1.211536377668380737e-01,9.222006797790527344e-01,1.765188574790954590e-01,-2.469117194414138794e-01,-1.044963747262954712e-01,-1.075485907495021820e-02,0.000000000000000000e+00,0.000000000000000000e+00,2.000000000000000000e+00,1.453729193945150766e-01,0.000000000000000000e+00
-1.194194778800010681e-01,9.169663190841674805e-01,1.743791401386260986e-01,-2.327108979225158691e-01,-1.054480001330375671e-01,-1.903249695897102356e-02,0.000000000000000000e+00,0.000000000000000000e+00,2.000000000000000000e+00,1.418709376730629357e+00,0.000000000000000000e+00
-1.176043525338172913e-01,9.122782349586486816e-01,1.824625283479690552e-01,-2.084228396415710449e-01,-1.064003035426139832e-01,-1.904599554836750031e-02,0.000000000000000000e+00,0.000000000000000000e+00,2.000000000000000000e+00,1.471978278938377072e+00,0.000000000000000000e+00
-1.157893165946006775e-01,9.069903492927551270e-01,1.824624985456466675e-01,-2.350895851850509644e-01,-1.073525995016098022e-01,-1.904598623514175415e-02,0.000000000000000000e+00,0.000000000000000000e+00,0.000000000000000000e+00,-1.605963048259781090e+00,0.000000000000000000e+00
-1.140341758728027344e-01,9.011155366897583008e-01,1.749460697174072266e-01,-2.610661089420318604e-01,-1.067802980542182922e-01,1.144587248563766479e-02,0.000000000000000000e+00,0.000000000000000000e+00,1.000000000000000000e+00,-1.035232777305792551e+00,1.000000000000000000e+00
-1.121426597237586975e-01,8.955777287483215332e-01,1.882466226816177368e-01,-2.460577189922332764e-01,-1.058898121118545532e-01,1.780970394611358643e-02,0.000000000000000000e+00,0.000000000000000000e+00,2.000000000000000000e+00,8.076510652376611699e-01,0.000000000000000000e+00
-1.103022545576095581e-01,8.910093903541564941e-01,1.838991791009902954e-01,-2.030266374349594116e-01,-1.057458892464637756e-01,2.878132741898298264e-03,0.000000000000000000e+00,0.000000000000000000e+00,2.000000000000000000e+00,3.778098557050083350e+00,0.000000000000000000e+00
-1.083913818001747131e-01,8.858333826065063477e-01,1.927387714385986328e-01,-2.301675528287887573e-01,-1.073812395334243774e-01,-3.270701318979263306e-02,0.000000000000000000e+00,0.000000000000000000e+00,3.000000000000000000e+00,-2.284151325814717470e+00,1.000000000000000000e+00
-1.065511703491210938e-01,8.800569772720336914e-01,1.838896274566650391e-01,-2.567162811756134033e-01,-1.072499454021453857e-01,2.625809283927083015e-03,0.000000000000000000e+00,0.000000000000000000e+00,1.000000000000000000e+00,-9.786048753622640373e-01,0.000000000000000000e+00
-1.047109588980674744e-01,8.736807703971862793e-01,1.838896274566650391e-01,-2.833829522132873535e-01,-1.071186587214469910e-01,2.625801833346486092e-03,0.000000000000000000e+00,0.000000000000000000e+00,0.000000000000000000e+00,-1.535401819720590311e+00,1.000000000000000000e+00
-1.027073860168457031e-01,8.681891560554504395e-01,1.999653875827789307e-01,-2.440406531095504761e-01,-1.067258417606353760e-01,7.856389507651329041e-03,0.000000000000000000e+00,0.000000000000000000e+00,2.000000000000000000e+00,2.539846323117285642e+00,0.000000000000000000e+00
-1.007622703909873962e-01,8.627150058746337891e-01,1.945878863334655762e-01,-2.433004081249237061e-01,-1.068052574992179871e-01,-1.588335493579506874e-03,0.000000000000000000e+00,0.000000000000000000e+00,2.000000000000000000e+00,6.543343914827743912e-01,0.000000000000000000e+00
-9.870433807373046875e-02,8.571762442588806152e-01,2.055220603942871094e-01,-2.461497783660888672e-01,-1.065420359373092651e-01,5.264513660222291946e-03,0.000000000000000000e+00,0.000000000000000000e+00,2.000000000000000000e+00,-6.123648417255254106e-01,0.000000000000000000e+00
-9.647198021411895752e-02,8.518361449241638184e-01,2.224257439374923706e-01,-2.372793555259704590e-01,-1.057384237647056580e-01,1.607222296297550201e-02,0.000000000000000000e+00,0.000000000000000000e+00,2.000000000000000000e+00,-1.198051755017274789e-01,0.000000000000000000e+00
-9.418125450611114502e-02,8.458767533302307129e-01,2.297799289226531982e-01,-2.649093866348266602e-01,-1.064378917217254639e-01,-1.398923713713884354e-02,0.000000000000000000e+00,0.000000000000000000e+00,3.000000000000000000e+00,-2.027050744694149476e+00,1.000000000000000000e+00
-9.184370189905166626e-02,8.399422764778137207e-01,2.344488203525543213e-01,-2.638085186481475830e-01,-1.071269884705543518e-01,-1.378190331161022186e-02,0.000000000000000000e+00,0.000000000000000000e+00,2.000000000000000000e+00,2.127596201863185543e-02,0.000000000000000000e+00
-8.957538753747940063e-02,8.334194421768188477e-01,2.257508337497711182e-01,-2.898248732089996338e-01,-1.060578823089599609e-01,2.138216607272624969e-02,0.000000000000000000e+00,0.000000000000000000e+00,1.000000000000000000e+00,-6.940907445137713960e-01,0.000000000000000000e+00
-8.706531673669815063e-02,8.275730609893798828e-01,2.492365390062332153e-01,-2.597094476222991943e-01,-1.042933091521263123e-01,3.529123216867446899e-02,0.000000000000000000e+00,0.000000000000000000e+00,2.000000000000000000e+00,1.225983539279252410e+00,0.000000000000000000e+00
-8.465652167797088623e-02,8.220967650413513184e-01,2.398845851421356201e-01,-2.433232367038726807e-01,-1.033067926764488220e-01,1.973045617341995239e-02,0.000000000000000000e+00,0.000000000000000000e+00,2.000000000000000000e+00,2.194992811408622124e+00,0.000000000000000000e+00
-8.238534629344940186e-02,8.166252374649047852e-01,2.269576787948608398e-01,-2.431667000055313110e-01,-1.031458899378776550e-01,3.217872930690646172e-03,0.000000000000000000e+00,0.000000000000000000e+00,2.000000000000000000e+00,1.189708820359922425e+00,1.000000000000000000e+00
-8.011417090892791748e-02,8.105538487434387207e-01,2.269576787948608398e-01,-2.698333859443664551e-01,-1.029850095510482788e-01,3.217808203771710396e-03,0.000000000000000000e+00,0.000000000000000000e+00,0.000000000000000000e+00,-1.353662645256818564e+00,1.000000000000000000e+00
-7.790498435497283936e-02,8.038919568061828613e-01,2.191686332225799561e-01,-2.959662377834320068e-01,-1.012517660856246948e-01,3.466479480266571045e-02,0.000000000000000000e+00,0.000000000000000000e+00,1.000000000000000000e+00,-7.412184670949375498e-01,1.000000000000000000e+00
-7.544441521167755127e-02,7.977291941642761230e-01,2.434956133365631104e-01,-2.737275063991546631e-01,-9.870411455631256104e-02,5.095282196998596191e-02,0.000000000000000000e+00,0.000000000000000000e+00,2.000000000000000000e+00,7.841721748572865192e-01,0.000000000000000000e+00
-7.281275093555450439e-02,7.924456000328063965e-01,2.602567374706268311e-01,-2.346354275941848755e-01,-9.581916034221649170e-02,5.769913271069526672e-02,0.000000000000000000e+00,0.000000000000000000e+00,2.000000000000000000e+00,2.133595086780371908e+00,0.000000000000000000e+00
-7.031936943531036377e-02,7.871119379997253418e-01,2.472365796566009521e-01,-2.369174808263778687e-01,-9.373322874307632446e-02,4.171856492757797241e-02,0.000000000000000000e+00,0.000000000000000000e+00,2.000000000000000000e+00,1.260674020926768391e+00,0.000000000000000000e+00
-6.771068274974822998e-02,7.824327349662780762e-01,2.585923969745635986e-01,-2.078255116939544678e-01,-9.147893637418746948e-02,4.508577287197113037e-02,0.000000000000000000e+00,0.000000000000000000e+00,2.000000000000000000e+00,1.481527070507351551e+00,0.000000000000000000e+00
-6.508817523717880249e-02,7.778560519218444824e-01,2.601179480552673340e-01,-2.032796889543533325e-01,-8.935872465372085571e-02,4.240427538752555847e-02,0.000000000000000000e+00,0.000000000000000000e+00,2.000000000000000000e+00,5.530669974590807225e-01,1.000000000000000000e+00
-6.249589845538139343e-02,7.737445235252380371e-01,2.575179040431976318e-01,-1.826371699571609497e-01,-8.767191320657730103e-02,3.373633697628974915e-02,0.000000000000000000e+00,0.000000000000000000e+00,2.000000000000000000e+00,1.741579259783006206e+00,0.000000000000000000e+00
-5.991773679852485657e-02,7.697649598121643066e-01,2.563857138156890869e-01,-1.767880171537399292e-01,-8.624733239412307739e-02,2.849175594747066498e-02,0.000000000000000000e+00,0.000000000000000000e+00,2.000000000000000000e+00,6.875539300284401190e-01,1.000000000000000000e+00
-5.724573135375976562e-02,7.658969759941101074e-01,2.655151486396789551e-01,-1.718063801527023315e-01,-8.458001166582107544e-02,3.334627300500869751e-02,0.000000000000000000e+00,0.000000000000000000e+00,2.000000000000000000e+00,-2.096910487019726932e-01,0.000000000000000000e+00
-5.460443347692489624e-02,7.629926204681396484e-01,2.630064785480499268e-01,-1.290217936038970947e-01,-8.346166461706161499e-02,2.236685343086719513e-02,0.000000000000000000e+00,0.000000000000000000e+00,2.000000000000000000e+00,2.451146227676002987e+00,0.000000000000000000e+00
-5.187730863690376282e-02,7.594725489616394043e-01,2.737705111503601074e-01,-1.565077453851699829e-01,-8.451732248067855835e-02,-2.111327275633811951e-02,0.000000000000000000e+00,0.000000000000000000e+00,3.000000000000000000e+00,-2.005403558310759227e+00,0.000000000000000000e+00
-4.906434938311576843e-02,7.553316950798034668e-01,2.845789492130279541e-01,-1.842286437749862671e-01,-8.776350319385528564e-02,-6.492368131875991821e-02,0.000000000000000000e+00,0.000000000000000000e+00,3.000000000000000000e+00,-2.288488710329359410e+00,0.000000000000000000e+00
-4.625129699707031250e-02,7.505908012390136719e-01,2.845788598060607910e-01,-2.108961790800094604e-01,-9.100968390703201294e-02,-6.492362171411514282e-02,0.000000000000000000e+00,0.000000000000000000e+00,0.000000000000000000e+00,-1.353726372482981333e+00,0.000000000000000000e+00
-4.343833774328231812e-02,7.452501654624938965e-01,2.845787405967712402e-01,-2.375637143850326538e-01,-9.425586462020874023e-02,-6.492359191179275513e-02,0.000000000000000000e+00,0.000000000000000000e+00,0.000000000000000000e+00,-1.424430704770557554e+00,0.000000000000000000e+00
-4.062528535723686218e-02,7.393096685409545898e-01,2.845786213874816895e-01,-2.642312645912170410e-01,-9.750204533338546753e-02,-6.492356956005096436e-02,0.000000000000000000e+00,0.000000000000000000e+00,0.000000000000000000e+00,-1.478581911133716176e+00,0.000000000000000000e+00
-3.787555545568466187e-02,7.327783703804016113e-01,2.766357064247131348e-01,-2.903897166252136230e-01,-9.914638102054595947e-02,-3.288694098591804504e-02,0.000000000000000000e+00,0.000000000000000000e+00,1.000000000000000000e+00,-8.007547462495370194e-01,0.000000000000000000e+00
-3.522281721234321594e-02,7.256514430046081543e-01,2.644755244255065918e-01,-3.167052567005157471e-01,-9.835436940193176270e-02,1.584015786647796631e-02,0.000000000000000000e+00,0.000000000000000000e+00,1.000000000000000000e+00,-3.804750464051938064e-01,0.000000000000000000e+00
-3.239355236291885376e-02,7.190797924995422363e-01,2.816700637340545654e-01,-2.919884324073791504e-01,-9.709955006837844849e-02,2.509640529751777649e-02,0.000000000000000000e+00,0.000000000000000000e+00,2.000000000000000000e+00,1.186112455350095685e+00,0.000000000000000000e+00
-2.937669679522514343e-02,7.134503126144409180e-01,3.000024557113647461e-01,-2.500926852226257324e-01,-9.544357657432556152e-02,3.311952576041221619e-02,0.000000000000000000e+00,0.000000000000000000e+00,2.000000000000000000e+00,1.953990606412031594e+00,0.000000000000000000e+00
-2.626829221844673157e-02,7.084934115409851074e-01,3.091259300708770752e-01,-2.201967984437942505e-01,-9.373962134122848511e-02,3.407927602529525757e-02,0.000000000000000000e+00,0.000000000000000000e+00,2.000000000000000000e+00,1.481906156343211434e+00,0.000000000000000000e+00
-2.303819730877876282e-02,7.042619585990905762e-01,3.211138546466827393e-01,-1.879481822252273560e-01,-9.185824543237686157e-02,3.762726485729217529e-02,0.000000000000000000e+00,0.000000000000000000e+00,2.000000000000000000e+00,1.068272464373433150e+00,0.000000000000000000e+00
-1.963682100176811218e-02,7.003304958343505859e-01,3.377057313919067383e-01,-1.745772063732147217e-01,-8.944266289472579956e-02,4.831166192889213562e-02,0.000000000000000000e+00,0.000000000000000000e+00,2.000000000000000000e+00,-4.639030836635981703e-01,0.000000000000000000e+00
-1.608524285256862640e-02,6.971082687377929688e-01,3.523806929588317871e-01,-1.430504769086837769e-01,-8.669654279947280884e-02,5.492274090647697449e-02,0.000000000000000000e+00,0.000000000000000000e+00,2.000000000000000000e+00,2.909135112182184568e-01,0.000000000000000000e+00
-1.244449615478515625e-02,6.939504146575927734e-01,3.610695004463195801e-01,-1.401780396699905396e-01,-8.371669799089431763e-02,5.959691479802131653e-02,0.000000000000000000e+00,0.000000000000000000e+00,2.000000000000000000e+00,-3.803990962577643020e-01,0.000000000000000000e+00
-8.856391534209251404e-03,6.908882856369018555e-01,3.562279343605041504e-01,-1.359500288963317871e-01,-8.115931600332260132e-02,5.114758014678955078e-02,0.000000000000000000e+00,0.000000000000000000e+00,2.000000000000000000e+00,8.711601716588261990e-01,0.000000000000000000e+00
-5.054282955825328827e-03,6.883073449134826660e-01,3.768982291221618652e-01,-1.145346015691757202e-01,-7.788615673780441284e-02,6.546317040920257568e-02,0.000000000000000000e+00,0.000000000000000000e+00,2.000000000000000000e+00,-9.736212377869037926e-01,0.000000000000000000e+00
-1.327323960140347481e-03,6.851291656494140625e-01,3.674921393394470215e-01,-1.409898400306701660e-01,-7.272882014513015747e-02,1.031467914581298828e-01,0.000000000000000000e+00,0.000000000000000000e+00,1.000000000000000000e+00,8.359864297194701255e-01,1.000000000000000000e+00
2.388858702033758163e-03,6.826046109199523926e-01,3.667410910129547119e-01,-1.119756773114204407e-01,-6.790276616811752319e-02,9.652092307806015015e-02,0.000000000000000000e+00,0.000000000000000000e+00,2.000000000000000000e+00,1.450264138079728538e+00,0.000000000000000000e+00
6.169319152832031250e-03,6.794773936271667480e-01,3.747953772544860840e-01,-1.388443559408187866e-01,-6.469114869832992554e-02,6.423224508762359619e-02,0.000000000000000000e+00,0.000000000000000000e+00,3.000000000000000000e+00,-1.021670898008067097e+00,0.000000000000000000e+00
1.016855239868164062e-02,6.770334839820861816e-01,3.959225416183471680e-01,-1.084543839097023010e-01,-6.072523817420005798e-02,7.931829988956451416e-02,0.000000000000000000e+00,0.000000000000000000e+00,2.000000000000000000e+00,-7.460261300001491680e-01,0.000000000000000000e+00
1.432466506958007812e-02,6.746602654457092285e-01,4.109967648983001709e-01,-1.052928417921066284e-01,-5.616106837987899780e-02,9.128312021493911743e-02,0.000000000000000000e+00,0.000000000000000000e+00,2.000000000000000000e+00,-9.899950334566114396e-01,1.000000000000000000e+00
1.839399337768554688e-02,6.717009544372558594e-01,4.000956416130065918e-01,-1.312859505414962769e-01,-4.940292611718177795e-02,1.351628452539443970e-01,0.000000000000000000e+00,0.000000000000000000e+00,1.000000000000000000e+00,1.250262427151001221e+00,1.000000000000000000e+00
2.259292639791965485e-02,6.694909930229187012e-01,4.126554429531097412e-01,-9.800875931978225708e-02,-4.225193709135055542e-02,1.430198848247528076e-01,0.000000000000000000e+00,0.000000000000000000e+00,2.000000000000000000e+00,3.181938843445067389e-01,0.000000000000000000e+00
2.667369879782199860e-02,6.673858165740966797e-01,4.014878273010253906e-01,-9.338982403278350830e-02,-3.573890030384063721e-02,1.302605718374252319e-01,0.000000000000000000e+00,0.000000000000000000e+00,2.000000000000000000e+00,1.739472701461619364e+00,0.000000000000000000e+00
3.092307969927787781e-02,6.657982468605041504e-01,4.176777005195617676e-01,-7.039824128150939941e-02,-2.857020869851112366e-02,1.433740258216857910e-01,0.000000000000000000e+00,0.000000000000000000e+00,2.000000000000000000e+00,-5.791046673052193672e-01,0.000000000000000000e+00
3.506154939532279968e-02,6.646981835365295410e-01,4.071956276893615723e-01,-4.877843707799911499e-02,-2.201082371175289154e-02,1.311875879764556885e-01,0.000000000000000000e+00,0.000000000000000000e+00,2.000000000000000000e+00,1.791512245184503582e+00,0.000000000000000000e+00
3.911495208740234375e-02,6.630097627639770508e-01,3.965259492397308350e-01,-7.494168728590011597e-02,-1.331103965640068054e-02,1.739959567785263062e-01,0.000000000000000000e+00,0.000000000000000000e+00,1.000000000000000000e+00,1.642065156126905068e+00,0.000000000000000000e+00
4.313630983233451843e-02,6.616211533546447754e-01,3.935161530971527100e-01,-6.166229769587516785e-02,-4.796334542334079742e-03,1.702941954135894775e-01,0.000000000000000000e+00,0.000000000000000000e+00,2.000000000000000000e+00,1.187908370810174530e+00,0.000000000000000000e+00
4.712448269128799438e-02,6.604818701744079590e-01,3.903609216213226318e-01,-5.062590539455413818e-02,3.551759291440248489e-03,1.669617593288421631e-01,0.000000000000000000e+00,0.000000000000000000e+00,2.000000000000000000e+00,3.797438479789690402e-01,0.000000000000000000e+00
5.117778852581977844e-02,6.599296927452087402e-01,3.965536952018737793e-01,-2.459164522588253021e-02,1.221358776092529297e-02,1.732367575168609619e-01,0.000000000000000000e+00,0.000000000000000000e+00,2.000000000000000000e+00,-1.509751088642036665e+00,0.000000000000000000e+00
5.538549274206161499e-02,6.594309210777282715e-01,4.112424850463867188e-01,-2.227954007685184479e-02,2.161377109587192535e-02,1.880036592483520508e-01,0.000000000000000000e+00,0.000000000000000000e+00,2.000000000000000000e+00,-2.677180421725782189e+00,0.000000000000000000e+00
5.965786054730415344e-02,6.583344340324401855e-01,4.193671345710754395e-01,-4.886443912982940674e-02,2.938649244606494904e-02,1.554545909166336060e-01,0.000000000000000000e+00,0.000000000000000000e+00,3.000000000000000000e+00,-1.771076683724372769e+00,0.000000000000000000e+00
6.397628784179687500e-02,6.580781936645507812e-01,4.236241281032562256e-01,-1.156753953546285629e-02,3.750208392739295959e-02,1.623118370771408081e-01,0.000000000000000000e+00,0.000000000000000000e+00,2.000000000000000000e+00,-1.284198993704410485e+00,0.000000000000000000e+00
6.841926276683807373e-02,6.580910682678222656e-01,4.353992938995361328e-01,3.159093030262738466e-04,4.629369825124740601e-02,1.758321970701217651e-01,0.000000000000000000e+00,0.000000000000000000e+00,2.000000000000000000e+00,-2.386647521958695783e+00,0.000000000000000000e+00
7.286224514245986938e-02,6.575047373771667480e-01,4.353997111320495605e-01,-2.635722607374191284e-02,5.508526042103767395e-02,1.758312582969665527e-01,0.000000000000000000e+00,0.000000000000000000e+00,0.000000000000000000e+00,-9.480312451700427800e-01,0.000000000000000000e+00
7.729540020227432251e-02,6.575738191604614258e-01,4.342600405216217041e-01,2.713303780183196068e-03,6.404456496238708496e-02,1.791859269142150879e-01,0.000000000000000000e+00,0.000000000000000000e+00,2.000000000000000000e+00,-1.060260657588915523e+00,0.000000000000000000e+00
8.181266486644744873e-02,6.586183905601501465e-01,4.419670701026916504e-01,4.597074165940284729e-02,7.370242476463317871e-02,1.931573599576950073e-01,0.000000000000000000e+00,0.000000000000000000e+00,2.000000000000000000e+00,-2.431989999846297046e+00,0.000000000000000000e+00
8.608265221118927002e-02,6.603924632072448730e-01,4.180921018123626709e-01,7.838621735572814941e-02,8.252094686031341553e-02,1.763703674077987671e-01,0.000000000000000000e+00,0.000000000000000000e+00,2.000000000000000000e+00,4.857037744616661823e-01,1.000000000000000000e+00
9.029407799243927002e-02,6.628120541572570801e-01,4.121995866298675537e-01,1.070141643285751343e-01,9.138582646846771240e-02,1.772977858781814575e-01,0.000000000000000000e+00,0.000000000000000000e+00,2.000000000000000000e+00,-1.530733332154301296e+00,0.000000000000000000e+00
9.425983577966690063e-02,6.657105684280395508e-01,3.884732127189636230e-01,1.283074766397476196e-01,9.942225366830825806e-02,1.607283353805541992e-01,0.000000000000000000e+00,0.000000000000000000e+00,2.000000000000000000e+00,2.297452365770567551e-01,1.000000000000000000e+00
9.813509136438369751e-02,6.680019497871398926e-01,3.771323561668395996e-01,1.011097505688667297e-01,1.097384169697761536e-01,2.063232660293579102e-01,0.000000000000000000e+00,0.000000000000000000e+00,1.000000000000000000e+00,5.225588264575844466e-01,1.000000000000000000e+00
1.019439697265625000e-01,6.711261868476867676e-01,3.703272342681884766e-01,1.380385309457778931e-01,1.202328354120254517e-01,2.098879069089889526e-01,0.000000000000000000e+00,0.000000000000000000e+00,2.000000000000000000e+00,-2.191368382504012224e+00,1.000000000000000000e+00
1.056715995073318481e-01,6.736351847648620605e-01,3.601374030113220215e-01,1.104453280568122864e-01,1.327949762344360352e-01,2.512433826923370361e-01,0.000000000000000000e+00,0.000000000000000000e+00,1.000000000000000000e+00,2.614684841488508216e-01,0.000000000000000000e+00
1.094602569937705994e-01,6.755558848381042480e-01,3.678268790245056152e-01,8.434367179870605469e-02,1.438022553920745850e-01,2.201452255249023438e-01,0.000000000000000000e+00,0.000000000000000000e+00,3.000000000000000000e+00,-1.448140804916035362e+00,0.000000000000000000e+00
1.131820678710937500e-01,6.768736839294433594e-01,3.594792485237121582e-01,5.729101598262786865e-02,1.564845591783523560e-01,2.536460459232330322e-01,0.000000000000000000e+00,0.000000000000000000e+00,1.000000000000000000e+00,-1.529927119214693210e-01,0.000000000000000000e+00
1.169036850333213806e-01,6.775935292243957520e-01,3.594822585582733154e-01,3.061102516949176788e-02,1.691667288541793823e-01,2.536432445049285889e-01,0.000000000000000000e+00,0.000000000000000000e+00,0.000000000000000000e+00,-1.078241459867641083e+00,1.000000000000000000e+00
1.205399483442306519e-01,6.776826381683349609e-01,3.487469255924224854e-01,2.202529227361083031e-03,1.840787529945373535e-01,2.982406020164489746e-01,0.000000000000000000e+00,0.000000000000000000e+00,1.000000000000000000e+00,-3.897971796216228579e-01,1.000000000000000000e+00
1.242490783333778381e-01,6.771919727325439453e-01,3.579494953155517578e-01,-2.347007393836975098e-02,1.971097439527511597e-01,2.606196999549865723e-01,0.000000000000000000e+00,0.000000000000000000e+00,3.000000000000000000e+00,-2.347184334300634223e+00,0.000000000000000000e+00
1.280405968427658081e-01,6.761292815208435059e-01,3.683428466320037842e-01,-4.871000722050666809e-02,2.079936116933822632e-01,2.176775634288787842e-01,0.000000000000000000e+00,0.000000000000000000e+00,3.000000000000000000e+00,-2.366550366224983382e+00,0.000000000000000000e+00
1.317610740661621094e-01,6.744402647018432617e-01,3.594319224357604980e-01,-7.689313590526580811e-02,2.207417488098144531e-01,2.549624443054199219e-01,0.000000000000000000e+00,0.000000000000000000e+00,1.000000000000000000e+00,-8.107484940216795888e-01,0.000000000000000000e+00
1.354161202907562256e-01,6.721267104148864746e-01,3.512161374092102051e-01,-1.050322055816650391e-01,2.352167963981628418e-01,2.895009219646453857e-01,0.000000000000000000e+00,0.000000000000000000e+00,1.000000000000000000e+00,-1.223726847315488753e+00,0.000000000000000000e+00
1.391538679599761963e-01,6.692569255828857422e-01,3.617346286773681641e-01,-1.295116394758224487e-01,2.474499642848968506e-01,2.446634024381637573e-01,0.000000000000000000e+00,0.000000000000000000e+00,3.000000000000000000e+00,-2.810656553276344116e+00,0.000000000000000000e+00
1.426695883274078369e-01,6.663023829460144043e-01,3.401741385459899902e-01,-1.332797408103942871e-01,2.590766251087188721e-01,2.325333356857299805e-01,0.000000000000000000e+00,0.000000000000000000e+00,2.000000000000000000e+00,6.406811957617832842e-01,0.000000000000000000e+00
1.462516784667968750e-01,6.627847552299499512e-01,3.486079275608062744e-01,-1.580689698457717896e-01,2.688883841037750244e-01,1.962354481220245361e-01,0.000000000000000000e+00,0.000000000000000000e+00,3.000000000000000000e+00,-2.485406964701580623e+00,0.000000000000000000e+00
1.499195098876953125e-01,6.586956381797790527e-01,3.593991100788116455e-01,-1.831145286560058594e-01,2.764539122581481934e-01,1.513109654188156128e-01,0.000000000000000000e+00,0.000000000000000000e+00,3.000000000000000000e+00,-2.526621765276870324e+00,0.000000000000000000e+00
1.535272598266601562e-01,6.539835333824157715e-01,3.518474698066711426e-01,-2.111463248729705811e-01,2.856149971485137939e-01,1.832214593887329102e-01,0.000000000000000000e+00,0.000000000000000000e+00,1.000000000000000000e+00,-1.266402486814569128e+00,1.000000000000000000e+00
1.572207510471343994e-01,6.486997604370117188e-01,3.626475632190704346e-01,-2.361633777618408203e-01,2.925252020359039307e-01,1.382047533988952637e-01,0.000000000000000000e+00,0.000000000000000000e+00,3.000000000000000000e+00,-2.535309944952528927e+00,0.000000000000000000e+00
1.608313620090484619e-01,6.427828669548034668e-01,3.522131741046905518e-01,-2.647788822650909424e-01,3.016484677791595459e-01,1.824651062488555908e-01,0.000000000000000000e+00,0.000000000000000000e+00,1.000000000000000000e+00,-1.241361369193383579e+00,0.000000000000000000e+00
1.645261794328689575e-01,6.363126635551452637e-01,3.629103600978851318e-01,-2.889455258846282959e-01,3.084451556205749512e-01,1.359341442584991455e-01,0.000000000000000000e+00,0.000000000000000000e+00,3.000000000000000000e+00,-2.498837423854551876e+00,0.000000000000000000e+00
1.682937592267990112e-01,6.292659640312194824e-01,3.720471858978271484e-01,-3.141965568065643311e-01,3.133362233638763428e-01,9.782156348228454590e-02,0.000000000000000000e+00,0.000000000000000000e+00,3.000000000000000000e+00,-2.241364331422771361e+00,0.000000000000000000e+00
1.720446646213531494e-01,6.223314404487609863e-01,3.697970509529113770e-01,-3.093543350696563721e-01,3.188301920890808105e-01,1.098796725273132324e-01,0.000000000000000000e+00,0.000000000000000000e+00,2.000000000000000000e+00,2.051438688666110122e-01,0.000000000000000000e+00
1.757179200649261475e-01,6.157603859901428223e-01,3.614763021469116211e-01,-2.933470606803894043e-01,3.249141573905944824e-01,1.216792464256286621e-01,0.000000000000000000e+00,0.000000000000000000e+00,2.000000000000000000e+00,1.285015362935735039e+00,0.000000000000000000e+00
1.794678717851638794e-01,6.086179614067077637e-01,3.711152374744415283e-01,-3.183151185512542725e-01,3.289640843868255615e-01,8.099850267171859741e-02,0.000000000000000000e+00,0.000000000000000000e+00,3.000000000000000000e+00,-2.193420747942978810e+00,0.000000000000000000e+00
1.829235106706619263e-01,6.018841266632080078e-01,3.419467806816101074e-01,-3.001056611537933350e-01,3.327293395996093750e-01,7.530538737773895264e-02,0.000000000000000000e+00,0.000000000000000000e+00,2.000000000000000000e+00,3.266039650152248619e+00,0.000000000000000000e+00
1.862144470214843750e-01,5.958619117736816406e-01,3.249180316925048828e-01,-2.686218917369842529e-01,3.370957672595977783e-01,8.732815086841583252e-02,0.000000000000000000e+00,0.000000000000000000e+00,2.000000000000000000e+00,3.080234752788254760e+00,0.000000000000000000e+00
1.893151253461837769e-01,5.897008180618286133e-01,3.062471747398376465e-01,-2.747236490249633789e-01,3.411020338535308838e-01,8.012537658214569092e-02,0.000000000000000000e+00,0.000000000000000000e+00,2.000000000000000000e+00,8.097843309704557679e-01,0.000000000000000000e+00
1.925043165683746338e-01,5.829800963401794434e-01,3.173698484897613525e-01,-2.990658879280090332e-01,3.427155017852783203e-01,3.226963430643081665e-02,0.000000000000000000e+00,0.000000000000000000e+00,3.000000000000000000e+00,-2.117559989143272592e+00,0.000000000000000000e+00
1.952340155839920044e-01,5.770210623741149902e-01,2.720018029212951660e-01,-2.650783956050872803e-01,3.437385857105255127e-01,2.046184800565242767e-02,0.000000000000000000e+00,0.000000000000000000e+00,2.000000000000000000e+00,5.703656375192065475e+00,1.000000000000000000e+00
1.980488747358322144e-01,5.705084204673767090e-01,2.827654182910919189e-01,-2.891441881656646729e-01,3.424010276794433594e-01,-2.675141021609306335e-02,0.000000000000000000e+00,0.000000000000000000e+00,3.000000000000000000e+00,-1.833596508035866490e+00,1.000000000000000000e+00
2.009219229221343994e-01,5.634169578552246094e-01,2.900457680225372314e-01,-3.145294189453125000e-01,3.395277857780456543e-01,-5.746458098292350769e-02,0.000000000000000000e+00,0.000000000000000000e+00,3.000000000000000000e+00,-1.511420672299435664e+00,0.000000000000000000e+00
2.037298232316970825e-01,5.556916594505310059e-01,2.818090617656707764e-01,-3.431050479412078857e-01,3.384500741958618164e-01,-2.155395038425922394e-02,0.000000000000000000e+00,0.000000000000000000e+00,1.000000000000000000e+00,-9.064140953177275417e-01,0.000000000000000000e+00
2.064244300127029419e-01,5.480867028236389160e-01,2.702575325965881348e-01,-3.378113806247711182e-01,3.376158475875854492e-01,-1.668471284210681915e-02,0.000000000000000000e+00,0.000000000000000000e+00,2.000000000000000000e+00,1.541097975461622083e+00,0.000000000000000000e+00
2.089014947414398193e-01,5.406624674797058105e-01,2.486495673656463623e-01,-3.297457993030548096e-01,3.366293907165527344e-01,-1.972913369536399841e-02,0.000000000000000000e+00,0.000000000000000000e+00,2.000000000000000000e+00,2.366730438477657295e+00,0.000000000000000000e+00
2.110507041215896606e-01,5.335902571678161621e-01,2.163060903549194336e-01,-3.139983713626861572e-01,3.351809084415435791e-01,-2.896983548998832703e-02,0.000000000000000000e+00,0.000000000000000000e+00,2.000000000000000000e+00,3.594888795530278180e+00,0.000000000000000000e+00
2.131339013576507568e-01,5.265293121337890625e-01,2.093912661075592041e-01,-3.135756850242614746e-01,3.340640068054199219e-01,-2.233792468905448914e-02,0.000000000000000000e+00,0.000000000000000000e+00,2.000000000000000000e+00,8.129991130011091638e-01,1.000000000000000000e+00
2.151295691728591919e-01,5.188185572624206543e-01,1.983044445514678955e-01,-3.429911732673645020e-01,3.353852927684783936e-01,2.642580866813659668e-02,0.000000000000000000e+00,0.000000000000000000e+00,1.000000000000000000e+00,-1.437387703134389794e+00,0.000000000000000000e+00
2.171990424394607544e-01,5.105587840080261230e-01,2.077126950025558472e-01,-3.669234216213226318e-01,3.345870673656463623e-01,-1.596458628773689270e-02,0.000000000000000000e+00,0.000000000000000000e+00,3.000000000000000000e+00,-1.813298451156497348e+00,1.000000000000000000e+00
2.189203202724456787e-01,5.029442906379699707e-01,1.731374114751815796e-01,-3.381859660148620605e-01,3.335279524326324463e-01,-2.118251100182533264e-02,0.000000000000000000e+00,0.000000000000000000e+00,2.000000000000000000e+00,4.608025840260222772e+00,0.000000000000000000e+00
2.206977903842926025e-01,4.947682917118072510e-01,1.802969872951507568e-01,-3.627899885177612305e-01,3.308586478233337402e-01,-5.338599532842636108e-02,0.000000000000000000e+00,0.000000000000000000e+00,3.000000000000000000e+00,-1.605788327833549856e+00,0.000000000000000000e+00
2.225490510463714600e-01,4.860333800315856934e-01,1.896546781063079834e-01,-3.871905207633972168e-01,3.261387348175048828e-01,-9.439811110496520996e-02,0.000000000000000000e+00,0.000000000000000000e+00,3.000000000000000000e+00,-1.440536670453751666e+00,0.000000000000000000e+00
2.241198569536209106e-01,4.776974916458129883e-01,1.618467867374420166e-01,-3.694143593311309814e-01,3.211766481399536133e-01,-9.924193471670150757e-02,0.000000000000000000e+00,0.000000000000000000e+00,2.000000000000000000e+00,3.669585343916733855e+00,0.000000000000000000e+00
2.257720977067947388e-01,4.688153266906738281e-01,1.722172498703002930e-01,-3.932316899299621582e-01,3.139037191867828369e-01,-1.454588621854782104e-01,0.000000000000000000e+00,0.000000000000000000e+00,3.000000000000000000e+00,-1.169141838394877508e+00,0.000000000000000000e+00
2.271125763654708862e-01,4.608058035373687744e-01,1.410429328680038452e-01,-3.544847667217254639e-01,3.066617250442504883e-01,-1.448401510715484619e-01,0.000000000000000000e+00,0.000000000000000000e+00,2.000000000000000000e+00,5.863183960974365228e+00,0.000000000000000000e+00
2.283807694911956787e-01,4.521631598472595215e-01,1.319328248500823975e-01,-3.830493390560150146e-01,3.013754189014434814e-01,-1.057259663939476013e-01,0.000000000000000000e+00,0.000000000000000000e+00,1.000000000000000000e+00,-1.146622970793926610e+00,1.000000000000000000e+00
2.294137030839920044e-01,4.444073438644409180e-01,1.080988794565200806e-01,-3.437132835388183594e-01,2.964103519916534424e-01,-9.930185973644256592e-02,0.000000000000000000e+00,0.000000000000000000e+00,2.000000000000000000e+00,5.322487048912916130e+00,0.000000000000000000e+00
2.305139601230621338e-01,4.360781908035278320e-01,1.165792793035507202e-01,-3.688684105873107910e-01,2.896542549133300781e-01,-1.351216435432434082e-01,0.000000000000000000e+00,0.000000000000000000e+00,3.000000000000000000e+00,-1.321174488468925601e+00,0.000000000000000000e+00
2.314294874668121338e-01,4.283896982669830322e-01,9.785830974578857422e-02,-3.404751718044281006e-01,2.831719517707824707e-01,-1.296464949846267700e-01,0.000000000000000000e+00,0.000000000000000000e+00,2.000000000000000000e+00,4.242480190345259139e+00,0.000000000000000000e+00
2.323450148105621338e-01,4.201016724109649658e-01,9.785981476306915283e-02,-3.671451807022094727e-01,2.766896486282348633e-01,-1.296461224555969238e-01,0.000000000000000000e+00,0.000000000000000000e+00,0.000000000000000000e+00,-1.238843735031466053e+00,1.000000000000000000e+00
2.332491874694824219e-01,4.118624925613403320e-01,9.626439958810806274e-02,-3.650905191898345947e-01,2.707038521766662598e-01,-1.197158917784690857e-01,0.000000000000000000e+00,0.000000000000000000e+00,2.000000000000000000e+00,1.212888910538492793e+00,0.000000000000000000e+00
2.337807714939117432e-01,4.044927358627319336e-01,5.944241210818290710e-02,-3.263990283012390137e-01,2.642679214477539062e-01,-1.287187933921813965e-01,0.000000000000000000e+00,0.000000000000000000e+00,2.000000000000000000e+00,5.536969064739960977e+00,0.000000000000000000e+00
2.344059944152832031e-01,3.965525925159454346e-01,7.120575755834579468e-02,-3.513502776622772217e-01,2.553888559341430664e-01,-1.775817722082138062e-01,0.000000000000000000e+00,0.000000000000000000e+00,3.000000000000000000e+00,-1.160685847749759914e+00,0.000000000000000000e+00
2.350990325212478638e-01,3.880442082881927490e-01,7.981231808662414551e-02,-3.763598203659057617e-01,2.446837723255157471e-01,-2.141018807888031006e-01,0.000000000000000000e+00,0.000000000000000000e+00,3.000000000000000000e+00,-8.886196192131865512e-01,1.000000000000000000e+00
2.356096208095550537e-01,3.800770342350006104e-01,6.157160922884941101e-02,-3.523831665515899658e-01,2.340126335620880127e-01,-2.134227305650711060e-01,0.000000000000000000e+00,0.000000000000000000e+00,2.000000000000000000e+00,4.120487550524967624e+00,0.000000000000000000e+00
2.361224144697189331e-01,3.724144995212554932e-01,6.116358563303947449e-02,-3.390198349952697754e-01,2.239977419376373291e-01,-2.002981901168823242e-01,0.000000000000000000e+00,0.000000000000000000e+00,2.000000000000000000e+00,2.646361898509664634e+00,0.000000000000000000e+00
2.364956885576248169e-01,3.649899363517761230e-01,4.728747904300689697e-02,-3.284996151924133301e-01,2.139273583889007568e-01,-2.014082372188568115e-01,0.000000000000000000e+00,0.000000000000000000e+00,2.000000000000000000e+00,2.572712634140470023e+00,0.000000000000000000e+00
2.369538247585296631e-01,3.569908142089843750e-01,5.798714235424995422e-02,-3.538075387477874756e-01,2.016540467739105225e-01,-2.454661428928375244e-01,0.000000000000000000e+00,0.000000000000000000e+00,3.000000000000000000e+00,-8.231152434652659888e-01,1.000000000000000000e+00
2.373479902744293213e-01,3.483648896217346191e-01,4.991520196199417114e-02,-3.819756805896759033e-01,1.910782605409622192e-01,-2.115157842636108398e-01,0.000000000000000000e+00,0.000000000000000000e+00,1.000000000000000000e+00,-9.481483847586094083e-01,0.000000000000000000e+00
2.375901192426681519e-01,3.401870727539062500e-01,3.481423109769821167e-02,-3.621258735656738281e-01,1.804258078336715698e-01,-2.130490839481353760e-01,0.000000000000000000e+00,0.000000000000000000e+00,2.000000000000000000e+00,3.567431804770405002e+00,0.000000000000000000e+00
2.376914024353027344e-01,3.320270180702209473e-01,2.105749398469924927e-02,-3.613795638084411621e-01,1.694745421409606934e-01,-2.190252542495727539e-01,0.000000000000000000e+00,0.000000000000000000e+00,2.000000000000000000e+00,1.635853388251814478e+00,0.000000000000000000e+00
2.377105653285980225e-01,3.232490420341491699e-01,1.075063273310661316e-02,-3.891471028327941895e-01,1.606279164552688599e-01,-1.769325137138366699e-01,0.000000000000000000e+00,0.000000000000000000e+00,1.000000000000000000e+00,-1.166273344884358520e+00,0.000000000000000000e+00
2.374184578657150269e-01,3.152207136154174805e-01,-1.960054039955139160e-02,-3.558061420917510986e-01,1.510255336761474609e-01,-1.920476257801055908e-01,0.000000000000000000e+00,0.000000000000000000e+00,2.000000000000000000e+00,4.616726956909698920e+00,0.000000000000000000e+00
2.369602173566818237e-01,3.080109357833862305e-01,-3.609270974993705750e-02,-3.194733262062072754e-01,1.413214802742004395e-01,-1.940810382366180420e-01,0.000000000000000000e+00,0.000000000000000000e+00,2.000000000000000000e+00,4.755839181681918326e+00,0.000000000000000000e+00
2.362410575151443481e-01,3.015342354774475098e-01,-6.156260520219802856e-02,-2.869059741497039795e-01,1.310006529092788696e-01,-2.064162939786911011e-01,0.000000000000000000e+00,0.000000000000000000e+00,2.000000000000000000e+00,4.094693404133249892e+00,0.000000000000000000e+00
2.355217933654785156e-01,2.944589257240295410e-01,-6.156077235937118530e-02,-3.135814964771270752e-01,1.206799224019050598e-01,-2.064147740602493286e-01,0.000000000000000000e+00,0.000000000000000000e+00,0.000000000000000000e+00,-9.815766334571378593e-01,1.000000000000000000e+00
2.347172796726226807e-01,2.867768704891204834e-01,-7.221822440624237061e-02,-3.407831788063049316e-01,1.125022247433662415e-01,-1.635537445545196533e-01,0.000000000000000000e+00,0.000000000000000000e+00,1.000000000000000000e+00,-1.442841530237045644e+00,0.000000000000000000e+00
2.337827682495117188e-01,2.798005342483520508e-01,-8.507125079631805420e-02,-3.094482421875000000e-01,1.041783466935157776e-01,-1.664774864912033081e-01,0.000000000000000000e+00,0.000000000000000000e+00,2.000000000000000000e+00,3.871812945179709864e+00,0.000000000000000000e+00
2.327306717634201050e-01,2.728873193264007568e-01,-9.649477899074554443e-02,-3.066704571247100830e-01,9.552580863237380981e-02,-1.730506122112274170e-01,0.000000000000000000e+00,0.000000000000000000e+00,2.000000000000000000e+00,1.104940802067272854e+00,0.000000000000000000e+00
2.315992414951324463e-01,2.653613984584808350e-01,-1.064414381980895996e-01,-3.340712487697601318e-01,8.888263255357742310e-02,-1.328632682561874390e-01,0.000000000000000000e+00,0.000000000000000000e+00,1.000000000000000000e+00,-1.634453174177507462e+00,0.000000000000000000e+00
2.302915602922439575e-01,2.584075927734375000e-01,-1.235694512724876404e-01,-3.086485564708709717e-01,8.174776285886764526e-02,-1.426975429058074951e-01,0.000000000000000000e+00,0.000000000000000000e+00,2.000000000000000000e+00,2.836821861449533522e+00,0.000000000000000000e+00
2.289431542158126831e-01,2.515816986560821533e-01,-1.276335418224334717e-01,-3.029963672161102295e-01,7.460819929838180542e-02,-1.427910923957824707e-01,0.000000000000000000e+00,0.000000000000000000e+00,2.000000000000000000e+00,1.379849095946479975e+00,0.000000000000000000e+00
2.275591790676116943e-01,2.449180930852890015e-01,-1.311938166618347168e-01,-2.958205342292785645e-01,6.747975945472717285e-02,-1.425690799951553345e-01,0.000000000000000000e+00,0.000000000000000000e+00,2.000000000000000000e+00,1.514451391232537913e+00,0.000000000000000000e+00
2.261273413896560669e-01,2.382185012102127075e-01,-1.358729600906372070e-01,-2.974471747875213623e-01,6.024750322103500366e-02,-1.446451246738433838e-01,0.000000000000000000e+00,0.000000000000000000e+00,2.000000000000000000e+00,6.692195167312007253e-01,0.000000000000000000e+00
2.247744500637054443e-01,2.317301332950592041e-01,-1.284964531660079956e-01,-2.881131172180175781e-01,5.353013426065444946e-02,-1.343474686145782471e-01,0.000000000000000000e+00,0.000000000000000000e+00,2.000000000000000000e+00,2.087822253937628325e+00,0.000000000000000000e+00
2.233732193708419800e-01,2.258495241403579712e-01,-1.332988739013671875e-01,-2.611326277256011963e-01,4.678861424326896667e-02,-1.348301470279693604e-01,0.000000000000000000e+00,0.000000000000000000e+00,2.000000000000000000e+00,3.120454646732466308e+00,0.000000000000000000e+00
2.218859642744064331e-01,2.193681597709655762e-01,-1.440971493721008301e-01,-2.879241108894348145e-01,4.220947250723838806e-02,-9.158308804035186768e-02,0.000000000000000000e+00,0.000000000000000000e+00,1.000000000000000000e+00,-1.886844536555641438e+00,0.000000000000000000e+00
2.204769104719161987e-01,2.123019248247146606e-01,-1.342551410198211670e-01,-3.138788342475891113e-01,3.564967215061187744e-02,-1.311959326267242432e-01,0.000000000000000000e+00,0.000000000000000000e+00,3.000000000000000000e+00,-7.213353173340795177e-01,0.000000000000000000e+00
2.190012931823730469e-01,2.046261578798294067e-01,-1.426356583833694458e-01,-3.410360515117645264e-01,3.077376261353492737e-02,-9.751796722412109375e-02,0.000000000000000000e+00,0.000000000000000000e+00,1.000000000000000000e+00,-1.734768665419081257e+00,1.000000000000000000e+00
2.174724638462066650e-01,1.972583830356597900e-01,-1.477783620357513428e-01,-3.273602724075317383e-01,2.573850564658641815e-02,-1.007053107023239136e-01,0.000000000000000000e+00,0.000000000000000000e+00,2.000000000000000000e+00,1.864296606957648761e+00,0.000000000000000000e+00
2.160324156284332275e-01,1.892878562211990356e-01,-1.366486996412277222e-01,-3.541387617588043213e-01,1.847621239721775055e-02,-1.452459245920181274e-01,0.000000000000000000e+00,0.000000000000000000e+00,3.000000000000000000e+00,-7.076486895807210242e-01,1.000000000000000000e+00
2.146821022033691406e-01,1.814916431903839111e-01,-1.281353533267974854e-01,-3.464284539222717285e-01,1.167302671819925308e-02,-1.360637992620468140e-01,0.000000000000000000e+00,0.000000000000000000e+00,2.000000000000000000e+00,2.013458085394145947e+00,0.000000000000000000e+00
2.132000029087066650e-01,1.740381866693496704e-01,-1.407364904880523682e-01,-3.312235474586486816e-01,4.293652717024087906e-03,-1.475875526666641235e-01,0.000000000000000000e+00,0.000000000000000000e+00,2.000000000000000000e+00,1.976557302901210234e+00,0.000000000000000000e+00
2.117178887128829956e-01,1.659854799509048462e-01,-1.407364308834075928e-01,-3.578948080539703369e-01,-3.085696371272206306e-03,-1.475869715213775635e-01,0.000000000000000000e+00,0.000000000000000000e+00,0.000000000000000000e+00,-1.729255493614161310e+00,1.000000000000000000e+00
2.100596427917480469e-01,1.583531945943832397e-01,-1.575161367654800415e-01,-3.392543792724609375e-01,-1.128983777016401291e-02,-1.640828549861907959e-01,0.000000000000000000e+00,0.000000000000000000e+00,2.000000000000000000e+00,5.295813868685115278e-01,0.000000000000000000e+00
2.084981948137283325e-01,1.501303315162658691e-01,-1.453700512647628784e-01,-3.655723929405212402e-01,-2.192469686269760132e-02,-2.126974314451217651e-01,0.000000000000000000e+00,0.000000000000000000e+00,3.000000000000000000e+00,-2.417648018264400012e+00,1.000000000000000000e+00
2.068728506565093994e-01,1.413107961416244507e-01,-1.533977389335632324e-01,-3.921412527561187744e-01,-3.095137141644954681e-02,-1.805334538221359253e-01,0.000000000000000000e+00,0.000000000000000000e+00,1.000000000000000000e+00,-3.059245025986696565e+00,0.000000000000000000e+00
2.052704840898513794e-01,1.326437592506408691e-01,-1.511321365833282471e-01,-3.854188024997711182e-01,-3.994354605674743652e-02,-1.798433363437652588e-01,0.000000000000000000e+00,0.000000000000000000e+00,2.000000000000000000e+00,1.225301079163870210e-01,0.000000000000000000e+00
2.036145180463790894e-01,1.242741197347640991e-01,-1.561357080936431885e-01,-3.722635209560394287e-01,-4.929433763027191162e-02,-1.870157271623611450e-01,0.000000000000000000e+00,0.000000000000000000e+00,2.000000000000000000e+00,3.813615024798309716e-01,0.000000000000000000e+00
2.020544111728668213e-01,1.167167276144027710e-01,-1.467810422182083130e-01,-3.362114727497100830e-01,-5.841705575585365295e-02,-1.824544072151184082e-01,0.000000000000000000e+00,0.000000000000000000e+00,2.000000000000000000e+00,2.990388410882585113e+00,0.000000000000000000e+00
2.004191428422927856e-01,1.085747554898262024e-01,-1.562302410602569580e-01,-3.621665239334106445e-01,-6.563483923673629761e-02,-1.443555653095245361e-01,0.000000000000000000e+00,0.000000000000000000e+00,1.000000000000000000e+00,-2.968590558386166922e+00,0.000000000000000000e+00
1.988968849182128906e-01,1.010883152484893799e-01,-1.451945304870605469e-01,-3.330532610416412354e-01,-7.258487492799758911e-02,-1.390007585287094116e-01,0.000000000000000000e+00,0.000000000000000000e+00,2.000000000000000000e+00,2.597813303968462328e+00,0.000000000000000000e+00
1.975731849670410156e-01,9.371460229158401489e-02,-1.261145025491714478e-01,-3.280344009399414062e-01,-7.877890020608901978e-02,-1.238806396722793579e-01,0.000000000000000000e+00,0.000000000000000000e+00,2.000000000000000000e+00,7.129582959483229399e-01,0.000000000000000000e+00
1.961637437343597412e-01,8.629318326711654663e-02,-1.341546624898910522e-01,-3.302168250083923340e-01,-8.550231903791427612e-02,-1.344682872295379639e-01,0.000000000000000000e+00,0.000000000000000000e+00,2.000000000000000000e+00,-1.034195678843647714e+00,0.000000000000000000e+00
1.947804391384124756e-01,7.949160039424896240e-02,-1.313492506742477417e-01,-3.027042150497436523e-01,-9.242727607488632202e-02,-1.384989470243453979e-01,0.000000000000000000e+00,0.000000000000000000e+00,2.000000000000000000e+00,2.045777192607826755e+00,0.000000000000000000e+00
1.933002471923828125e-01,7.209814339876174927e-02,-1.434908211231231689e-01,-3.288835287094116211e-01,-9.691405296325683594e-02,-8.973581343889236450e-02,0.000000000000000000e+00,0.000000000000000000e+00,1.000000000000000000e+00,-2.956808178514008123e+00,0.000000000000000000e+00
1.918849945068359375e-01,6.410759687423706055e-02,-1.353740543127059937e-01,-3.555498123168945312e-01,-1.030185744166374207e-01,-1.220906004309654236e-01,0.000000000000000000e+00,0.000000000000000000e+00,3.000000000000000000e+00,-2.403334951614154225e+00,1.000000000000000000e+00
1.906106024980545044e-01,5.620373412966728210e-02,-1.217204704880714417e-01,-3.516853451728820801e-01,-1.086928024888038635e-01,-1.134842857718467712e-01,0.000000000000000000e+00,0.000000000000000000e+00,2.000000000000000000e+00,3.208112655702962113e-01,0.000000000000000000e+00
1.892573386430740356e-01,4.850543662905693054e-02,-1.289872825145721436e-01,-3.426222503185272217e-01,-1.149999871850013733e-01,-1.261437386274337769e-01,0.000000000000000000e+00,0.000000000000000000e+00,2.000000000000000000e+00,9.842305589327804416e-03,0.000000000000000000e+00
1.878401786088943481e-01,4.021741077303886414e-02,-1.369999200105667114e-01,-3.687247037887573242e-01,-1.196886152029037476e-01,-9.377268701791763306e-02,0.000000000000000000e+00,0.000000000000000000e+00,1.000000000000000000e+00,-2.896703485809011713e+00,0.000000000000000000e+00
1.865318268537521362e-01,3.193360194563865662e-02,-1.263988614082336426e-01,-3.685303032398223877e-01,-1.241001337766647339e-01,-8.823029696941375732e-02,0.000000000000000000e+00,0.000000000000000000e+00,2.000000000000000000e+00,-8.103720456446977805e-02,0.000000000000000000e+00
1.851299256086349487e-01,2.378712594509124756e-02,-1.350411027669906616e-01,-3.625034391880035400e-01,-1.292226165533065796e-01,-1.024495735764503479e-01,0.000000000000000000e+00,0.000000000000000000e+00,2.000000000000000000e+00,-2.764371065124066607e-01,0.000000000000000000e+00
1.836122572422027588e-01,1.572776772081851959e-02,-1.458123773336410522e-01,-3.587209582328796387e-01,-1.351492851972579956e-01,-1.185334324836730957e-01,0.000000000000000000e+00,0.000000000000000000e+00,2.000000000000000000e+00,-6.943304328080757148e-01,0.000000000000000000e+00
1.821865141391754150e-01,8.473072201013565063e-03,-1.364642083644866943e-01,-3.229956030845642090e-01,-1.412388086318969727e-01,-1.217904463410377502e-01,0.000000000000000000e+00,0.000000000000000000e+00,2.000000000000000000e+00,2.939476730083595335e+00,0.000000000000000000e+00
1.806774139404296875e-01,6.383752916008234024e-04,-1.469475030899047852e-01,-3.485912382602691650e-01,-1.451927423477172852e-01,-7.907906174659729004e-02,0.000000000000000000e+00,0.000000000000000000e+00,1.000000000000000000e+00,-3.020676699071371818e+00,0.000000000000000000e+00
1.792103797197341919e-01,-6.399026140570640564e-03,-1.423061639070510864e-01,-3.132078349590301514e-01,-1.495777666568756104e-01,-8.770059049129486084e-02,0.000000000000000000e+00,0.000000000000000000e+00,2.000000000000000000e+00,2.824634544676240644e+00,0.000000000000000000e+00
1.779609620571136475e-01,-1.348703168332576752e-02,-1.212914809584617615e-01,-3.153949379920959473e-01,-1.532201021909713745e-01,-7.284650951623916626e-02,1.000000000000000000e+00,0.000000000000000000e+00,2.000000000000000000e+00,1.003179963727464141e+01,0.000000000000000000e+00
1.768427789211273193e-01,-2.061505615711212158e-02,-1.290817558765411377e-01,-3.151893019676208496e-01,-1.354186087846755981e-01,3.567965626716613770e-01,1.000000000000000000e+00,0.000000000000000000e+00,1.000000000000000000e+00,1.524896708495249387e+00,1.000000000000000000e+00
1.760613471269607544e-01,-2.618847042322158813e-02,-9.687969088554382324e-02,-2.460817694664001465e-01,-1.167977601289749146e-01,3.723745644092559814e-01,1.000000000000000000e+00,1.000000000000000000e+00,2.000000000000000000e+00,1.917945313935370777e+01,0.000000000000000000e+00
1.754881888628005981e-01,-3.130204975605010986e-02,-7.379998266696929932e-02,-2.260401397943496704e-01,-1.005764901638031006e-01,3.242350816726684570e-01,1.000000000000000000e+00,1.000000000000000000e+00,3.000000000000000000e+00,4.234434693157340668e+00,0.000000000000000000e+00
1.751009970903396606e-01,-3.595900908112525940e-02,-5.334019660949707031e-02,-2.060405611991882324e-01,-8.606796711683273315e-02,2.901778519153594971e-01,1.000000000000000000e+00,1.000000000000000000e+00,3.000000000000000000e+00,3.866101368140520744e+00,0.000000000000000000e+00
1.748333871364593506e-01,-4.017497599124908447e-02,-4.176267236471176147e-02,-1.865724176168441772e-01,-7.121175527572631836e-02,2.971323132514953613e-01,1.000000000000000000e+00,1.000000000000000000e+00,0.000000000000000000e+00,3.586504777721430060e+00,0.000000000000000000e+00
1.748573333024978638e-01,-4.139666631817817688e-02,-2.996329590678215027e-02,-5.612175911664962769e-02,-3.939237818121910095e-02,6.215909123420715332e-01,1.000000000000000000e+00,1.000000000000000000e+00,3.000000000000000000e+00,-1.000000000000000000e+02,0.000000000000000000e+00
